AC Marriott,1712Commerce,214-290-0111,MainStreetDistrict,https://downtowndallas.com/wp-content/uploads/2018/09/AC-Marriot.jpg
Adolphus Hotel,1321CommerceSt,214-742-8200,MainStreetDistrict,https://downtowndallas.com/wp-content/uploads/2018/09/Adolphus.jpg
Aloft,1033YoungStreet,214-761-0000,CivicCenter,https://downtowndallas.com/wp-content/uploads/2018/09/Aloft.jpg
Belmont Hotel,901FortWorthAv,214-393-2300,TrinityGroves,https://downtowndallas.com/wp-content/uploads/2018/09/Belmont.jpg
Cambria Hotel,1907ElmSt,214-220-2900,MainStreetDistrict,https://downtowndallas.com/wp-content/uploads/2018/09/Cambria.jpg
Canopy by Hilton,2950CityplaceWest,214-522-2929,Uptown,https://downtowndallas.com/wp-content/uploads/2018/09/Canopy.jpg
Courtyard by Marriott,310SHoustonSt.,214-238-6589,MainStreetDistrict,https://downtowndallas.com/wp-content/uploads/2018/09/Courtyard-by-marriot.jpg
Crowne Plaza Dallas,1015ElmStreet,877-270-1393,MainStreetDistrict,https://downtowndallas.com/wp-content/uploads/2018/09/crowne-plaza-dallas-e1546627876794.jpeg
Dallas Marriott Downtown,650NorthPearlSt.,214-979-9000,MainStreetDistrict,https://downtowndallas.com/wp-content/uploads/2018/09/Lobby_JPG.jpg
Element by Westin,4005Gaston,469-399-1049,OldEastDallas,https://downtowndallas.com/wp-content/uploads/2018/09/Element.jpg
Fairfield Inn,555SErvay,[],CivicCenter,https://downtowndallas.com/wp-content/uploads/2018/09/Fairfield-inn.jpg
Fairmont Hotel,1717NorthAkardStr,214-720-2020,DallasArtsDistrict,https://downtowndallas.com/wp-content/uploads/2018/09/Fairmont.jpg
Hall Arts Hotel,2323RossAve,214-269-9535,VisitSite,https://downtowndallas.com/wp-content/uploads/2018/09/Hall-arts.png
Hampton Inn &amp; Suites Dallas Downtown,1700CommerceStreet,214-290-9090,MainStreetDistrict,https://downtowndallas.com/wp-content/uploads/2018/09/hampton-inn-suites-dallas.jpg
Hilton Garden Inn Downtown Dallas,1600PacificAve,214-299-8982,MainStreetDistrict,https://downtowndallas.com/wp-content/uploads/2018/09/HIlton-garden-inn.jpg
Home 2 Suites by Hilton,3301Gaston,214-765-2690,OldEastDallas,https://downtowndallas.com/wp-content/uploads/2018/09/home2-suites-by-hilton.jpg
Homewood Suites,1025ElmStreet,214-748-4000,MainStreetDistrict,https://downtowndallas.com/wp-content/uploads/2018/09/Homewood.jpg
Hotel Indigo,1933MainStreet,214-741-7700,MainStreetDistrict,https://downtowndallas.com/wp-content/uploads/2018/09/Hotel-indigo.jpeg
Hotel Saint Germain,2516MapleAvenue,214-871-2516,Uptown,https://downtowndallas.com/wp-content/uploads/2018/09/hotel-st-germain.jpg
Hotel ZaZa,2332LeonardStreet,214-468-8399,Uptown,https://downtowndallas.com/wp-content/uploads/2018/09/Hotel-zaza.jpg
Hyatt Regency Dallas,300ReunionBlvd,214-651-1234,ReunionDistrict,https://downtowndallas.com/wp-content/uploads/2018/09/Hyatt_Regency_Dallas-e1546627838881.jpg
La Quinta (Hotel Lawrence),302SouthHoustonStreet,214-761-9090,ReunionDistrict,https://downtowndallas.com/wp-content/uploads/2018/09/la-quinta.jpg
Lorenzo Hotel,1011SAkard,214-273-3000,TheCedars,https://downtowndallas.com/wp-content/uploads/2018/09/lorenzo-hotel.jpg
Magnolia Hotel,1401CommerceStreet,214-915-6500,MainStreetDistrict,https://downtowndallas.com/wp-content/uploads/2018/09/Magnolia.jpg
Marriott Residence Inn,1712Commerce,214-290-0122,MainStreetDistrict,https://downtowndallas.com/wp-content/uploads/2018/09/Marriott-Residence.jpg
Marriott Towneplace,555EvergreenStreet,214-749-5155,VisitSite,https://downtowndallas.com/wp-content/uploads/2018/09/Marriott-Towneplace.jpg
Nylo Dallas South Side,1325SouthLamar,214-421-1080,TheCedars,https://downtowndallas.com/wp-content/uploads/2018/09/Nylo.jpg
Omni Dallas Convention Center Hotel,555SouthLamarStre,214-744-6664,CivicCenter,https://downtowndallas.com/wp-content/uploads/2018/09/Omni-e1546627812676.jpg
Pittman Hotel,2551ElmSt.,[],VisitSite,https://downtowndallas.com/wp-content/uploads/2018/11/110608-View-to-downtown-resized-Aerial-Photos-June-8-2011-61.jpg
Ritz Carlton,2121McKinneyAvenue,214-922-0200,Uptown,https://downtowndallas.com/wp-content/uploads/2018/09/ritz-carlton.jpg
Rosewood Crescent Hotel,400CrescentCourt,214-871-3200,Uptown,https://downtowndallas.com/wp-content/uploads/2018/09/Rosewood.jpg
Sheraton Dallas,400OliveStreet,214-922-8000,MainStreetDistrict,https://downtowndallas.com/wp-content/uploads/2018/09/sheraton.jpg
Springhill Suites,1907N.LamarStreet,214-999-0500,WestEndHistoricDistrict,https://downtowndallas.com/wp-content/uploads/2018/09/Springhill.jpeg
The Guild Hotel Downtown,1601ElmSt.,[],VisitSite,https://downtowndallas.com/wp-content/uploads/2018/11/110608-View-to-downtown-resized-Aerial-Photos-June-8-2011-61.jpg
The Guild Hotel Victory Park,3111NorthHoustonSt.,[],VisitSite,https://downtowndallas.com/wp-content/uploads/2018/09/Klyde_Warren_Park_SF8mfHpHwMcKDysv55XUPzt18q0ABlZBh_rgb_l-e1546906453840.jpg
The Joule,1530MainSt.,214-748-1300,MainStreetDistrict,https://downtowndallas.com/wp-content/uploads/2018/09/The-Joule.jpg
The Statler,1914Commerce,214-459-3930,MainStreetDistrict,https://downtowndallas.com/wp-content/uploads/2018/09/The-Statler.jpg
The Stoneleigh,2927MapleAvenue,214-871-7111,Uptown,https://downtowndallas.com/wp-content/uploads/2018/09/The-Stoneleigh.jpg
Thompson Dallas,205NAkardSt.,469-320-1234,VisitSite,https://downtowndallas.com/wp-content/uploads/2018/09/Klyde_Warren_Park_SF8mfHpHwMcKDysv55XUPzt18q0ABlZBh_rgb_l-e1546906453840.jpg
TownePlace Suites,555EvergreenStreet,[],DallasFarmersMarket,https://downtowndallas.com/wp-content/uploads/2018/11/110608-View-to-downtown-resized-Aerial-Photos-June-8-2011-61.jpg
W Dallas â€“ Victory,2440VictoryParkLa,214-397-4100,VictoryPark,https://downtowndallas.com/wp-content/uploads/2018/09/w-Dallas.jpg
Westin Dallas Downtown,1201MainStreet,972-584-6650,MainStreetDistrict,https://downtowndallas.com/wp-content/uploads/2018/09/Westin.jpg
